variable,elastic_net
age,0.6117011589478236
ab_movement_reactions,0.45314057896653565
ab_attacking_short_passing,0.11676666044885878
ab_skill_ball_control,0.09252372751192635
d_pos_CM,0.07899192690002703
ab_defending_marking,0.04947868760976171
ab_attacking_heading_accuracy,0.035369715982895934
ab_goalkeeping_handling,0.027817489310300304
ab_goalkeeping_positioning,0.027338184323260427
d_pos_GK,0.02694574459477206
club_Amiens SC,0.026895733873368854
ab_skill_dribbling,0.024716645238932244
club_Granada CF,0.02442678016657549
d_trait_Injury_Prone,0.023940553923208617
ab_gk_handling,0.02110068996082255
d_pos_CDM,0.019962357508908467
ab_gk_positioning,0.01974149791005022
ab_movement_sprint_speed,0.01893507574530364
club_Aston Villa,0.018609487296074968
work_rate_High/Medium,0.017350750965477956
ab_goalkeeping_diving,0.017202151161944457
ab_power_jumping,0.017193146992434905
club_Crystal Palace,0.016388469611220025
international_reputation,0.015793756084075915
club_CA Osasuna,0.015728111451409177
club_Atalanta,0.01536332988872271
club_Real Madrid,0.014845388632864599
ab_power_shot_power,0.014691823563734729
ab_gk_diving,0.01382756074404643
ab_goalkeeping_kicking,0.0137923466990312
club_Newcastle United,0.013675825062930792
ab_mentality_vision,0.012619545408776389
club_Brighton & Hove Albion,0.012558381372135052
ab_goalkeeping_reflexes,0.01210088768423514
club_Stade de Reims,0.011813185694810536
ab_power_strength,0.011721206385620419
club_RCD Espanyol,0.011601724015203273
d_pos_RW,0.010667834462700476
club_Stade Brestois 29,0.010591858750042604
d_pos_LW,0.010384798863785072
nationality_Lithuania,0.010228964286703146
club_Cagliari,0.010018590706933849
d_tag_Clinical_Finisher,0.009842992245478754
ab_movement_acceleration,0.009765325368610966
club_Norwich City,0.009484794711381639
club_Juventus,0.009414165672644793
ab_gk_reflexes,0.009276136879629781
ab_mentality_aggression,0.009162869856579547
ab_attacking_volleys,0.008937147840416947
height_cm,0.008637595856195368
club_Fortuna Düsseldorf,0.008238026874496995
club_West Ham United,0.007981140655757635
ab_dribbling,0.007932760401421213
d_pos_RB,0.007736877331077707
club_Lecce,0.0077311017339084746
ab_movement_agility,0.007408922954573782
ab_skill_curve,0.007072158008493723
club_Manchester City,0.00677015777796548
ab_attacking_crossing,0.006518080143697524
work_rate_Low/Medium,0.005661578629485397
club_FC Barcelona,0.0053111230700997325
club_Chelsea,0.005189164140018576
club_FC Augsburg,0.005043287901499838
club_Southampton,0.005010256137391344
club_LOSC Lille,0.004825179750055142
d_pos_CF,0.004720198264724118
club_AS Saint-Étienne,0.0046132418108678405
club_SC Freiburg,0.004585839405412706
nationality_Niger,0.004498639279283978
ab_skill_fk_accuracy,0.0043414765994308265
club_Tottenham Hotspur,0.0042263898382973505
club_Real Valladolid CF,0.0042229856664455665
nationality_Republic of Ireland,0.003961339321056734
nationality_Ivory Coast,0.003910705447647267
d_trait_GK_Long_Throw,0.0038618300628886714
d_tag_Tactician,0.0038445578845301754
nationality_Libya,0.0038412739965899335
d_pos_CB,0.0038364170811544087
club_Sevilla FC,0.0038151098930113035
club_1. FC Union Berlin,0.0037682043653679996
nationality_Congo,0.0036872886900367165
nationality_South Africa,0.0034862758900144897
club_Levante UD,0.0034371146241502617
nationality_Dominican Republic,0.003409888630914182
club_RB Leipzig,0.0032250693925073293
ab_gk_kicking,0.0031777757334493727
ab_skill_long_passing,0.003155393738285284
club_Udinese,0.003147201914178588
nationality_Mali,0.0031170208797670186
club_OGC Nice,0.0031159983269537506
club_TSG 1899 Hoffenheim,0.003057735783260007
club_Atlético Madrid,0.002946207793049993
ab_defending,0.0029260385830632172
nationality_Togo,0.0028840897471992476
club_Olympique Lyonnais,0.002873326181422797
ab_power_long_shots,0.002692283190607725
club_Toulouse Football Club,0.002594726528225344
club_Parma,0.002587497194317656
nationality_Bulgaria,0.002567196413507844
nationality_Senegal,0.0025618581695024288
nationality_Luxembourg,0.0025164372010756607
nationality_Georgia,0.0025064894615610457
nationality_Serbia,0.0023754094388754865
nationality_United States,0.0023686890240878
nationality_Burkina Faso,0.0023137708414113336
d_trait_Avoids_Using_Weaker_Foot,0.002280025895592708
d_trait_Set_Play_Specialist,0.002238981670947915
club_Getafe CF,0.0022266473286146394
club_Real Betis,0.0022052724424987957
nationality_Belarus,0.0021794430794052745
d_trait_1-on-1_Rush,0.002134817143394585
club_RC Strasbourg Alsace,0.002030018131682887
ab_pace,0.0020249772426408795
club_Watford,0.001963314369862701
d_trait_Beat_Offside_Trap,0.0019574222055162237
club_SC Paderborn 07,0.0019154500630337522
nationality_Cameroon,0.0019014745907545815
club_Napoli,0.0018847005070711021
nationality_Norway,0.0018641756862463055
club_Lazio,0.001806967340491994
d_pos_RWB,0.001765606617046167
weight_kg,0.0016249659124039084
nationality_Brazil,0.001606692020846978
d_trait_Long_Throw-in,0.0015914914938495173
nationality_Slovakia,0.0015698606321562282
work_rate_Low/High,0.0015338805036295255
nationality_Cape Verde,0.0015331885028805558
nationality_Argentina,0.0014745216197669109
d_trait_Takes_Finesse_Free_Kicks,0.0014596174676489327
club_SD Eibar,0.0014594793137900908
d_trait_Giant_Throw-in,0.001400920725942001
club_Hellas Verona,0.0013903430720723976
nationality_Australia,0.0013382705234516123
club_VfL Wolfsburg,0.0013177609592027295
club_FC Bayern München,0.001291361936474189
d_trait_GK_Up_for_Corners,0.0012389108161464436
nationality_Latvia,0.0012313282521942525
d_tag_Complete_Forward,0.0012304684746860417
d_trait_Rushes_Out_Of_Goal,0.001220605695901611
d_trait_Through_Ball,0.0011966581325818736
club_Bournemouth,0.0011852242122747825
nationality_Turkey,0.0011648734074924505
nationality_Honduras,0.0011533800132882631
club_Wolverhampton Wanderers,0.0011291041993594319
nationality_New Caledonia,0.0011212575285343362
nationality_Canada,0.0010807215889190758
d_trait_Leadership,0.0010315123489396782
d_tag_Strength,0.0010273109523618374
ab_passing,0.001014125208335237
nationality_Ukraine,0.001009163490643772
club_FC Nantes,0.0009941068500980421
work_rate_Medium/Low,0.0009436986301388118
d_trait_Target_Forward,0.0009367407794515614
nationality_Equatorial Guinea,0.0008948602759337732
nationality_Moldova,0.000846313525286746
d_trait_Flair,0.0008302617469739815
club_1. FC Köln,0.0008198230136404305
nationality_Cyprus,0.0007909984198246178
d_trait_Outside_Foot_Shot,0.0007900954079643086
d_trait_One_Club_Player,0.0007722375580630825
nationality_New Zealand,0.0007715421090191299
club_Bayer 04 Leverkusen,0.0007665388890885083
club_RCD Mallorca,0.0007458279029700421
d_trait_Team_Player,0.000724860684468176
nationality_Wales,0.0006955397547683262
club_FC Metz,0.0006793757998718065
d_pos_LB,0.000672423963169777
nationality_Haiti,0.0006343347670249244
nationality_Netherlands,0.000610044189195591
nationality_Egypt,0.0006046500838026603
ab_mentality_interceptions,0.0005925282221500794
nationality_Iran,0.0005707921247472214
nationality_Sweden,0.0005601493083101872
nationality_Central African Rep.,0.0005598683667731308
club_Roma,0.0005596627770563245
nationality_France,0.0005567267972955037
club_Paris Saint-Germain,0.0005377338484439775
nationality_Paraguay,0.0005321476836188666
club_FC Girondins de Bordeaux,0.0005277048803044692
club_Borussia Dortmund,0.000526188832958674
d_trait_Power_Header,0.000521407665006457
club_Genoa,0.0005174908334890204
nationality_Chad,0.0005060296113688523
d_trait_Puncher,0.0005002795096650913
nationality_Palestine,0.0004925691482611683
club_Sheffield United,0.00047436308167156935
nationality_Bosnia Herzegovina,0.0004709335901738498
work_rate_Medium/High,0.00046732820249726357
club_RC Celta,0.0004671293993839143
d_trait_Diver,0.00045949995000054144
nationality_Germany,0.00045609370286321395
club_Olympique de Marseille,0.00044130692520294446
d_trait_Comes_For_Crosses,0.0004266744729997995
d_tag_Tackling,0.0004243150500894188
nationality_Comoros,0.000414476917683082
nationality_Gambia,0.0003980833092748881
nationality_Israel,0.00036656526521792185
club_Athletic Club de Bilbao,0.00036482966015434216
d_trait_Backs_Into_Player,0.00035351285155744706
club_Brescia,0.00034168237902232335
nationality_Slovenia,0.0003221854534956492
club_Deportivo Alavés,0.00031572271315862823
d_pos_CAM,0.0003112952178772943
club_1. FSV Mainz 05,0.0003013240768680703
nationality_Nigeria,0.000289496273527412
nationality_Madagascar,0.0002471273801646134
club_Arsenal,0.0002464011875343175
d_pos_RM,0.0002452056622495036
nationality_Belgium,0.00024270025025625587
nationality_Benin,0.00024125657730387218
nationality_FYR Macedonia,0.0002304669342757748
ab_shooting,0.00021746515626190898
club_Milan,0.000215206830569592
club_Nîmes Olympique,0.00021165295941187877
club_Stade Rennais FC,0.0002015419107896932
nationality_Austria,0.0001815681561881277
nationality_Ecuador,0.0001615505580101484
nationality_Morocco,0.00015224024524975732
nationality_Angola,0.0001410851086776077
club_Inter,0.00013266795698392287
club_Angers SCO,0.00013180395739453843
weak_foot,0.00012611013844683329
ab_mentality_penalties,0.00012565682813967527
club_Sassuolo,0.00012332751021784105
nationality_Venezuela,0.00010900091750691843
work_rate_High/Low,0.00010418263123295191
nationality_Northern Ireland,0.00010274425951859457
work_rate_High/High,0.00010154265267701135
club_SV Werder Bremen,8.905522749174111e-05
club_Eintracht Frankfurt,8.797450871114165e-05
nationality_Gabon,6.597972761817062e-05
nationality_Spain,6.518858645900849e-05
d_tag_Speedster,6.486268403254059e-05
nationality_Zambia,6.173063826544478e-05
nationality_Estonia,6.030045207232604e-05
nationality_Curacao,3.729292461009948e-05
nationality_Azerbaijan,3.606144593728544e-05
nationality_Romania,3.3883904979603585e-05
d_tag_Acrobat,2.9648993406716782e-05
nationality_Kosovo,2.35221924707929e-05
nationality_Hungary,2.2448437335498283e-05
club_Borussia Mönchengladbach,2.1367782118630884e-05
club_Villarreal CF,1.2428345079129598e-05
club_Sampdoria,9.298159606885293e-06
work_rate_Low/Low,2.00104082992425e-06
nationality_Scotland,5.668897683719365e-07
club_Real Sociedad,0.0
club_SPAL,0.0
club_Montpellier HSC,0.0
club_Manchester United,0.0
club_Liverpool,0.0
club_Leicester City,0.0
club_CD Leganés,0.0
club_Hertha BSC,0.0
club_Burnley,0.0
club_Fiorentina,0.0
club_FC Schalke 04,0.0
club_Valencia CF,0.0
club_Everton,0.0
club_Dijon FCO,0.0
club_Torino,0.0
nationality_Guinea,0.0
club_Bologna,0.0
d_tag_Playmaker,0.0
d_tag_FK_Specialist,0.0
d_tag_Crosser,0.0
d_multiple_position,0.0
d_pos_LWB,0.0
d_pos_ST,0.0
d_pos_LM,0.0
ab_physic,0.0
ab_skill_moves,0.0
ab_gk_speed,0.0
ab_attacking_finishing,0.0
ab_movement_balance,0.0
ab_power_stamina,0.0
ab_mentality_positioning,0.0
ab_mentality_composure,0.0
ab_defending_standing_tackle,0.0
ab_defending_sliding_tackle,0.0
d_foot_left,0.0
d_div1_league,0.0
nationality_Afghanistan,0.0
d_tag_Distance_Shooter,0.0
d_tag_Aerial_Threat,0.0
nationality_Armenia,0.0
d_tag_Dribbler,0.0
skill_moves,0.0
d_trait_Saves_with_Feet,0.0
d_trait_Inflexible,0.0
d_trait_Finesse_Shot,0.0
d_trait_Early_Crosser,0.0
d_trait_Second_Wind,0.0
d_trait_Acrobatic_Clearance,0.0
d_trait_Selfish,0.0
d_trait_Argues_with_Officials,0.0
d_trait_Swerve_Pass,0.0
d_trait_Flair_Passes,0.0
d_trait_Skilled_Dribbling,0.0
d_trait_Power_Free-Kick,0.0
d_trait_Crowd_Favourite,0.0
d_trait_Injury_Free,0.0
d_tag_Engine,0.0
d_tag_Poacher,0.0
d_tag_Complete_Defender,0.0
d_tag_Complete_Midfielder,0.0
nationality_Albania,0.0
nationality_Algeria,0.0
nationality_Kenya,0.0
nationality_Peru,0.0
nationality_Bermuda,0.0
nationality_Korea DPR,0.0
nationality_Korea Republic,0.0
nationality_Liechtenstein,0.0
nationality_Macau,0.0
nationality_Mauritania,0.0
nationality_Mexico,0.0
nationality_Mozambique,0.0
nationality_Portugal,0.0
nationality_Japan,0.0
nationality_Russia,0.0
nationality_Sierra Leone,0.0
nationality_Switzerland,0.0
nationality_Trinidad & Tobago,0.0
nationality_Tunisia,0.0
nationality_Uganda,0.0
nationality_Uzbekistan,0.0
nationality_Zimbabwe,0.0
nationality_Kazakhstan,0.0
work_rate_Medium/Medium,0.0
nationality_Jamaica,0.0
nationality_Italy,0.0
nationality_Brunei Darussalam,0.0
nationality_Burundi,0.0
nationality_Chile,0.0
nationality_China PR,0.0
nationality_Costa Rica,0.0
nationality_Croatia,0.0
nationality_Czech Republic,0.0
nationality_DR Congo,0.0
nationality_England,0.0
nationality_Finland,0.0
nationality_Ghana,0.0
nationality_Greece,0.0
nationality_Guinea Bissau,0.0
nationality_Iceland,0.0
nationality_Iraq,0.0
nationality_Poland,-3.270624251427989e-08
nationality_Denmark,-8.466734174916723e-06
club_AS Monaco,-1.2603988739989803e-05
nationality_Colombia,-3.4847614555744144e-05
nationality_Montenegro,-3.773165511500309e-05
nationality_Uruguay,-0.00013607282397885002
d_trait_Cautious_With_Crosses,-0.00020773658133155237
