variable,lasso,elastic_net,random_forest,lasso_rescale,elastic_net_rescale,random_forest_rescale,mean,league_name,club
club_Granada CF,0.028968759507783482,0.02442678016657549,0.002807124265647154,0.9434080391773235,0.9082457742486564,0.05241773862205138,63.46905173493438,Spain Primera Division,Granada CF
club_CA Osasuna,0.01800250335985041,0.015728111451409177,0.003404500894633955,0.5887941899291206,0.584975390186198,0.06396171345502796,41.257709785678216,Spain Primera Division,CA Osasuna
club_Real Madrid,0.01558942572716262,0.014845388632864599,0.002089943804634231,0.5107629332888639,0.5521705836214793,0.03855862062026789,36.716404584353704,Spain Primera Division,Real Madrid
club_RCD Espanyol,0.012972599377808081,0.011601724015203273,0.009619611242104753,0.4261430911074793,0.4316256196670571,0.18406530297285692,34.72780045824644,Spain Primera Division,RCD Espanyol
club_Sevilla FC,0.00510849578158652,0.0038151098930113035,0.006932503132952661,0.17184299000429798,0.142250104832425,0.13213841651572975,14.874383711748425,Spain Primera Division,Sevilla FC
club_Levante UD,0.006707545226831613,0.0034371146241502617,0.001470328574156987,0.22355116381195095,0.12820259023683497,0.026584897043418144,12.611288369740137,Spain Primera Division,Levante UD
club_FC Barcelona,0.0039221495675738184,0.0053111230700997325,9.461558036285566e-05,0.13348032622762074,0.19784674497997756,0.0,11.044235706919943,Spain Primera Division,FC Barcelona
club_Real Valladolid CF,0.0036051633396569473,0.0042229856664455665,0.0022024268145333535,0.12322999968737695,0.15740807466037993,0.040732292927494376,10.71234557584171,Spain Primera Division,Real Valladolid CF
club_Athletic Club de Bilbao,0.000539021019162611,0.00036482966015434216,0.011543991016890586,0.0240807079012054,0.014026642999225073,0.2212528838243127,8.645341157491439,Spain Primera Division,Athletic Club de Bilbao
club_Atlético Madrid,0.004146890366703992,0.002946207793049993,0.00023088980620844524,0.14074772895719215,0.1099589204265364,0.002633424471615226,8.44466912851146,Spain Primera Division,Atlético Madrid
club_Real Betis,0.0038834963008575587,0.0022052724424987957,0.0013350423997527728,0.13223040250603652,0.0824233901998794,0.023970566122537014,7.954145294281764,Spain Primera Division,Real Betis
club_Getafe CF,0.001996729529253294,0.0022266473286146394,0.002185175953023766,0.07121836535438737,0.0832177494139408,0.04039892951578608,6.494501476137142,Spain Primera Division,Getafe CF
club_SD Eibar,0.003805574223959951,0.0014594793137900908,0.0005400368666593991,0.12971065034474094,0.054707329381463006,0.008607521402034895,6.4341833709412946,Spain Primera Division,SD Eibar
club_CD Leganés,0.0,0.0,0.006161484721756238,0.006650482320803477,0.0004684045816794279,0.11723890973437265,4.145259887895185,Spain Primera Division,CD Leganés
club_RC Celta,-0.0001224897534839897,0.0004671293993839143,0.004348474499316524,0.0026895532315620203,0.01782842889004467,0.08220348423526805,3.424048878562491,Spain Primera Division,RC Celta
club_Real Sociedad,0.0,0.0,0.005013425192673182,0.006650482320803477,0.0004684045816794279,0.09505329070041048,3.405739253429779,Spain Primera Division,Real Sociedad
club_Deportivo Alavés,0.0007797222384592573,0.00031572271315862823,0.0021144793221553825,0.031864219862086186,0.012201671600123377,0.03903275600326508,2.769954915515821,Spain Primera Division,Deportivo Alavés
club_RCD Mallorca,0.000501900361655494,0.0007458279029700421,0.001582417992284668,0.022880343887484632,0.028185757723000162,0.028750963406113977,2.6605688338866256,Spain Primera Division,RCD Mallorca
club_Villarreal CF,0.0006610129874038862,1.2428345079129598e-05,0.0016356772139806352,0.02802554019873994,0.0009302816824806133,0.02978016857593281,1.9578663485717784,Spain Primera Division,Villarreal CF
club_Valencia CF,0.0,0.0,0.0014673882990068777,0.006650482320803477,0.0004684045816794279,0.026528077843121577,1.1215654915201494,Spain Primera Division,Valencia CF
club_Atalanta,0.01605666987742076,0.01536332988872271,0.011099052487734084,0.5258721231916526,0.5714189392245749,0.21265469143852095,43.66485846182495,Italian Serie A,Atalanta
club_Cagliari,0.0171616989505873,0.010018590706933849,0.0006860521533054609,0.5616052492358239,0.37279131647143965,0.011429186516605757,31.527525074128977,Italian Serie A,Cagliari
club_Juventus,0.010687828776989506,0.009414165672644793,0.0010269754298489532,0.3522608758394989,0.35032894672618003,0.01801734134795411,24.0202387971211,Italian Serie A,Juventus
club_Lecce,0.008674897310671703,0.0077311017339084746,0.00021351229639137158,0.28716907368618827,0.28778090130765066,0.0022976136510139164,19.24158628816176,Italian Serie A,Lecce
club_Udinese,0.0035058602276045294,0.003147201914178588,0.00016050535273439692,0.12001885284453481,0.11742850558480909,0.0012732836155604495,7.957354734830145,Italian Serie A,Udinese
club_Parma,0.0029877923880484046,0.002587497194317656,0.00033722485186462594,0.10326618645790071,0.09662808592570098,0.004688290750867484,6.819418771148973,Italian Serie A,Parma
club_Napoli,0.000997762700285776,0.0018847005070711021,0.001994893303980305,0.03891495499147955,0.07050991055388799,0.03672182196734471,4.871556250423742,Italian Serie A,Napoli
club_Lazio,0.0010255646816808906,0.001806967340491994,0.0018697700086722335,0.03981398265472694,0.06762109716907583,0.03430388309600767,4.724632097327014,Italian Serie A,Lazio
club_Brescia,0.0022599687627224085,0.00034168237902232335,0.0007571606164294309,0.07973068501885403,0.013166415910854304,0.012803318460982325,3.5233473130230224,Italian Serie A,Brescia
club_Genoa,0.000963011328063601,0.0005174908334890204,0.001725881218781211,0.03779120612914012,0.019700021047211053,0.03152331136177915,2.967151284604344,Italian Serie A,Genoa
club_Hellas Verona,0.0005477207973148879,0.0013903430720723976,0.0006853070553891171,0.024362031059862947,0.052138005253306884,0.011414787909132671,2.930494140743417,Italian Serie A,Hellas Verona
club_Roma,0.0006589601415809554,0.0005596627770563245,0.0018220770365667605,0.02795915769322827,0.021267265511860384,0.03338224263841354,2.7536221947834063,Italian Serie A,Roma
club_Milan,0.00033735964107926006,0.000215206830569592,0.001027974053409153,0.017559620251769735,0.008466179534276443,0.018036639199070444,1.468747966170554,Italian Serie A,Milan
club_Inter,9.673700099135373e-05,0.00013266795698392287,0.001559511082372822,0.00977864929260423,0.0053987706884147,0.028308299969527717,1.4495239983515549,Italian Serie A,Inter
club_Fiorentina,0.0,0.0,0.0016603997474762267,0.006650482320803477,0.0004684045816794279,0.030257917939788215,1.2458934947423708,Italian Serie A,Fiorentina
club_Torino,0.0,0.0,0.0015463892235057842,0.006650482320803477,0.0004684045816794279,0.028054727263176826,1.172453805521991,Italian Serie A,Torino
club_SPAL,0.0,0.0,0.0012895159888781649,0.006650482320803477,0.0004684045816794279,0.023090793269247442,1.0069893390576783,Italian Serie A,SPAL
club_Sassuolo,3.80327217362364e-05,0.00012332751021784105,0.0009674274424655849,0.007880339591173239,0.005051649776898473,0.016866609239679416,0.993286620258371,Italian Serie A,Sassuolo
club_Bologna,0.0,0.0,0.0011318812489559348,0.006650482320803477,0.0004684045816794279,0.020044588610134074,0.9054491837538993,Italian Serie A,Bologna
club_Sampdoria,4.918248938690084e-05,9.298159606885293e-06,0.0003783531670416451,0.008240887618821711,0.0008139539669492835,0.005483072823496455,0.4845971469755817,Italian Serie A,Sampdoria
club_Fortuna Düsseldorf,0.008536547993986154,0.008238026874496995,0.0007875181112632745,0.2826952967591403,0.3066198627918659,0.013389960353800414,20.090170663493556,German 1. Bundesliga,Fortuna Düsseldorf
club_TSG 1899 Hoffenheim,0.005725139845716853,0.003057735783260007,0.002526700190321307,0.1917832980043558,0.11410365767420799,0.04699869758321318,11.762855108725901,German 1. Bundesliga,TSG 1899 Hoffenheim
club_SC Freiburg,0.005182906116304231,0.004585839405412706,0.0003667070276005546,0.17424918359143832,0.17089288151937565,0.005258017583492657,11.680002756476886,German 1. Bundesliga,SC Freiburg
club_RB Leipzig,0.003466766528326026,0.0032250693925073293,0.005630241881416786,0.11875468693453875,0.12032231042432655,0.10697293399729184,11.534997711871904,German 1. Bundesliga,RB Leipzig
club_FC Augsburg,0.003351079864973805,0.005043287901499838,0.0005102456277022327,0.1150137481451649,0.18789313246134448,0.008031822092625991,10.364623423304513,German 1. Bundesliga,FC Augsburg
club_1. FC Union Berlin,0.004308011092562758,0.0037682043653679996,0.00014682571372919283,0.14595786083991408,0.14050694522577556,0.0010089321147859357,9.582457939349185,German 1. Bundesliga,1. FC Union Berlin
club_VfL Wolfsburg,0.0018613422702898675,0.0013177609592027295,0.0005775987496729584,0.06684037195422109,0.04944062151888176,0.009333384134434021,4.187145920251229,German 1. Bundesliga,VfL Wolfsburg
club_Bayer 04 Leverkusen,0.0003932429783711555,0.0007665388890885083,0.0035984844585369657,0.01936670966118954,0.028955444287239066,0.0677103391478435,3.867749769875737,German 1. Bundesliga,Bayer 04 Leverkusen
club_Borussia Dortmund,0.0004677635317621665,0.000526188832958674,0.0036253164914773705,0.02177646736971009,0.02002326655996722,0.06822885342836865,3.667619578601532,German 1. Bundesliga,Borussia Dortmund
club_FC Bayern München,0.0006206128023496405,0.001291361936474189,0.0013544465712458376,0.026719126693605277,0.04845954930015827,0.02434554106548151,3.317473901974835,German 1. Bundesliga,FC Bayern München
club_Borussia Mönchengladbach,5.7104530019636e-05,2.1367782118630884e-05,0.0036777853888398937,0.008497061219436027,0.0012624997884562118,0.06924278601507583,2.633411567432269,German 1. Bundesliga,Borussia Mönchengladbach
club_SC Paderborn 07,-0.00020566284365894916,0.0019154500630337522,0.0003390146514570702,0.0,0.07165266251873344,0.004722877643706415,2.5458513387479953,German 1. Bundesliga,SC Paderborn 07
club_Eintracht Frankfurt,5.707272256216811e-06,8.797450871114165e-05,0.002737268959638861,0.006835037355464597,0.0037378190346257596,0.05106782324977219,2.0546893213287514,German 1. Bundesliga,Eintracht Frankfurt
club_1. FSV Mainz 05,0.0004042172643906383,0.0003013240768680703,0.001638777383606005,0.019721583170947292,0.011666572168700172,0.029840077649031176,2.0409410996226214,German 1. Bundesliga,1. FSV Mainz 05
club_1. FC Köln,0.0006253080493683783,0.0008198230136404305,0.000172504562137199,0.02687095605050021,0.030935652980357737,0.0015051617384065036,1.9770590256421483,German 1. Bundesliga,1. FC Köln
club_FC Schalke 04,0.0,0.0,0.00210043174203296,0.006650482320803477,0.0004684045816794279,0.03876129424274641,1.5293393715076438,German 1. Bundesliga,FC Schalke 04
club_SV Werder Bremen,7.138045563799267e-05,8.905522749174111e-05,0.001313549933853686,0.008958699254040997,0.00377798200515696,0.02355523603863588,1.209730576594461,German 1. Bundesliga,SV Werder Bremen
club_Hertha BSC,0.0,0.0,0.001196573366241438,0.006650482320803477,0.0004684045816794279,0.02129472819979706,0.9471205034093322,German 1. Bundesliga,Hertha BSC
club_Amiens SC,0.026277791512057114,0.026895733873368854,0.05184253062954784,0.8563906919354294,1.0000000000000002,0.9999999999999999,95.21302306451432,French Ligue 1,Amiens SC
club_Stade de Reims,0.012770978297391622,0.011813185694810536,0.004854389696347638,0.41962330655643737,0.4394842128172878,0.09198001719413712,31.70291788559541,French Ligue 1,Stade de Reims
club_Stade Brestois 29,0.012683133109360156,0.010591858750042604,0.0010217434025578953,0.4167826725382687,0.3940957926544894,0.0179162352978633,27.62649001635405,French Ligue 1,Stade Brestois 29
club_LOSC Lille,0.004219077406987459,0.004825179750055142,0.003148469981925928,0.14308202827278674,0.17978753513450899,0.05901405686896692,12.729454009208755,French Ligue 1,LOSC Lille
club_AS Saint-Étienne,0.004623320771173134,0.0046132418108678405,0.0008053041352919621,0.15615397310730023,0.1719112426532204,0.013733665486882247,11.393296041580097,French Ligue 1,AS Saint-Étienne
club_Olympique Lyonnais,0.003297336044325938,0.002873326181422797,0.003694103620447997,0.11327584389998299,0.10725040635923594,0.06955812686682981,9.669479237534958,French Ligue 1,Olympique Lyonnais
club_OGC Nice,0.0023163379780678285,0.0031159983269537506,0.00451792009179659,0.08155348617934925,0.11626888036437595,0.08547792712478375,9.443343122283633,French Ligue 1,OGC Nice
club_Toulouse Football Club,0.0024717627641027916,0.002594726528225344,0.0015587170153384734,0.08657942948223525,0.09689675112325924,0.028292955060779338,7.058971188875794,French Ligue 1,Toulouse Football Club
club_RC Strasbourg Alsace,0.0019022810461768458,0.002030018131682887,0.003255575830106139,0.06816420177407508,0.07591037881604754,0.061083818483099774,6.838613302440747,French Ligue 1,RC Strasbourg Alsace
club_FC Metz,0.0019272334801263113,0.0006793757998718065,0.000957278278655771,0.06897108413497992,0.02571618478100843,0.016670482230501032,3.7119250382163127,French Ligue 1,FC Metz
club_Olympique de Marseille,0.00046614102350854835,0.00044130692520294446,0.003731972375779513,0.02172400061264269,0.016868783061554763,0.07028991973801164,3.629423447073637,French Ligue 1,Olympique de Marseille
club_FC Nantes,0.0015888688032685394,0.0009941068500980421,0.0004253557195738722,0.05802944654312278,0.037412598429412414,0.0063913713025279765,3.3944472091687725,French Ligue 1,FC Nantes
club_Angers SCO,7.921273780482352e-05,0.00013180395739453843,0.0035299933199686604,0.009211970351315288,0.005366661697000515,0.06638678556112979,2.6988472536481862,French Ligue 1,Angers SCO
club_Paris Saint-Germain,0.00034167758702405846,0.0005377338484439775,0.001181049422702074,0.017699248891815608,0.02045231630449123,0.020994736528159492,1.9715433908155444,French Ligue 1,Paris Saint-Germain
club_AS Monaco,0.0006620356901947844,-1.2603988739989803e-05,0.0016168453036407016,0.028058611154627256,0.0,0.029416252265062424,1.9158287806563226,French Ligue 1,AS Monaco
club_Stade Rennais FC,0.0001432106542010203,0.0002015419107896932,0.0014834801346207626,0.011281459443214487,0.00795834735787356,0.02683904371679185,1.53596168392933,French Ligue 1,Stade Rennais FC
club_FC Girondins de Bordeaux,0.0001947594468830971,0.0005277048803044692,0.0005330312975580398,0.012948383464548262,0.020079607733976712,0.008472142631804236,1.383337794344307,French Ligue 1,FC Girondins de Bordeaux
club_Nîmes Olympique,6.221917753492789e-05,0.00021165295941187877,0.0012719354408872619,0.008662452654623985,0.00833410630195994,0.022751058847595994,1.3249205934726638,French Ligue 1,Nîmes Olympique
club_Montpellier HSC,0.0,0.0,0.0009707160097644163,0.006650482320803477,0.0004684045816794279,0.016930158994209736,0.801634863223088,French Ligue 1,Montpellier HSC
club_Dijon FCO,0.0,0.0,0.0004598806432152713,0.006650482320803477,0.0004684045816794279,0.007058546465210069,0.4725811122564324,French Ligue 1,Dijon FCO
club_Aston Villa,0.030718837626872643,0.018609487296074968,0.0018285866711863718,0.9999999999999999,0.6920565432262459,0.03350803774751936,57.518819365792176,English Premier League,Aston Villa
club_Crystal Palace,0.017278891752764914,0.016388469611220025,0.0004499272979327174,0.5653948917650311,0.6095164139831654,0.006866203541382248,39.392583642985954,English Premier League,Crystal Palace
club_Newcastle United,0.016125667640258357,0.013675825062930792,0.000461816274176563,0.5281032914170972,0.5087058562225887,0.007095951469053256,34.79683663695797,English Premier League,Newcastle United
club_Brighton & Hove Albion,0.01618507626992365,0.012558381372135052,0.00021227183021093053,0.5300243775708381,0.46717807042912746,0.0022736423242607127,33.31586967747421,English Premier League,Brighton & Hove Albion
club_Norwich City,0.012923234662159545,0.009484794711381639,0.0005845053489620611,0.4245467931916705,0.35295374797175616,0.009466850367470428,26.232246384363233,English Premier League,Norwich City
club_West Ham United,0.012593608008777757,0.007981140655757635,0.0008068308678650382,0.41388771549061293,0.29707314831043763,0.013763168754243358,24.15746775184313,English Premier League,West Ham United
club_Chelsea,0.006636169656927038,0.005189164140018576,0.012747287344293135,0.22124310486779467,0.19331436060506255,0.24450592360879192,21.96877963605497,English Premier League,Chelsea
club_Manchester City,0.005877536578452513,0.00677015777796548,0.0034242381855611017,0.19671132369327135,0.2520691467999092,0.06434312574783989,17.104119874700682,English Premier League,Manchester City
club_Tottenham Hotspur,0.008316325313558082,0.0042263898382973505,0.003393454955389963,0.27557399562000223,0.15753458458712563,0.0637482567537581,16.561894565362863,English Premier League,Tottenham Hotspur
club_Southampton,0.006123461036877309,0.005010256137391344,0.00028145320615706736,0.20466373859675996,0.18666556633378342,0.0036105343687108473,13.164661309975143,English Premier League,Southampton
club_Wolverhampton Wanderers,0.004871036544427732,0.0011291041993594319,0.0018893486108824576,0.16416431343569612,0.04242953221228598,0.03468222881663458,8.042535815487224,English Premier League,Wolverhampton Wanderers
club_Watford,0.003040646746069875,0.001963314369862701,0.00042521313751233694,0.10497532831038871,0.07343145343009438,0.006388615982600598,6.1598465907694555,English Premier League,Watford
club_Bournemouth,0.0037402452481520854,0.0011852242122747825,0.0004341500574703616,0.12759811902446566,0.04451513159798332,0.006561317046006349,5.9558189222818445,English Premier League,Bournemouth
club_Leicester City,0.0,0.0,0.006506287708534053,0.006650482320803477,0.0004684045816794279,0.12390203783238565,4.367364157828952,English Premier League,Leicester City
club_Sheffield United,0.0010300813733900682,0.00047436308167156935,0.001026580617280537,0.039960038100747206,0.018097255687326758,0.01800971181219328,2.5355668533422415,English Premier League,Sheffield United
club_Burnley,0.0,0.0,0.003177604449836657,0.006650482320803477,0.0004684045816794279,0.05957706443908908,2.223198378052399,English Premier League,Burnley
club_Everton,0.0,0.0,0.002795043218837634,0.006650482320803477,0.0004684045816794279,0.05218427903632629,1.9767721979603063,English Premier League,Everton
club_Manchester United,0.0,0.0,0.002304453338305379,0.006650482320803477,0.0004684045816794279,0.04270389939077029,1.6607595431084397,English Premier League,Manchester United
club_Liverpool,0.0,0.0,0.0021376630331635836,0.006650482320803477,0.0004684045816794279,0.039480768468813994,1.5533218457098965,English Premier League,Liverpool
club_Arsenal,1.266222721998389e-05,0.0002464011875343175,0.001183727933354284,0.007059938481042829,0.009625461728686972,0.02104649727348931,1.2577299161073034,English Premier League,Arsenal
